{"recall": 0.041666666666666664, "f_measure_global": 0.03571428571428572, "precision": 0.03125, "f_measure": 0.0071428571428571435}