{"recall": 0.037122969837587005, "f_measure_global": 0.03592545468153581, "precision": 0.03480278422273782, "f_measure": 0.0019958585934186563}