{"recall": 0.0029850746268656717, "precision": 0.0029850746268656717, "f_measure": 0.0029850746268656717}