{"recall": 0.041666666666666664, "precision": 0.03125, "f_measure": 0.03571428571428572}