{"recall": 16, "f_measure_global": 0.03592545468153581, "precision": 15, "f_measure": 0.8602150537634408}